site_name,season_year,month,total_new_swe,mean_anom,enso_phase
Olallie Meadows ,1983,1,345.5,1.8900000000000001,Strong El Nino
Olallie Meadows ,1983,2,215.9000000000001,1.8900000000000001,Strong El Nino
Olallie Meadows ,1983,3,195.5,1.8900000000000001,Strong El Nino
Olallie Meadows ,1983,4,68.60000000000014,1.8900000000000001,Strong El Nino
Olallie Meadows ,1983,11,256.6,1.8900000000000001,Strong El Nino
Olallie Meadows ,1983,12,309.79999999999995,1.8900000000000001,Strong El Nino
Olallie Meadows ,1984,1,180.4000000000001,-0.6166666666666667,Weak La Nina
Olallie Meadows ,1984,2,294.69999999999993,-0.6166666666666667,Weak La Nina
Olallie Meadows ,1984,3,231.0999999999999,-0.6166666666666667,Weak La Nina
Olallie Meadows ,1984,4,195.60000000000014,-0.6166666666666667,Weak La Nina
Olallie Meadows ,1984,11,353.1,-0.6166666666666667,Weak La Nina
Olallie Meadows ,1984,12,309.79999999999995,-0.6166666666666667,Weak La Nina
Olallie Meadows ,1985,1,48.30000000000018,-0.9166666666666666,Weak La Nina
Olallie Meadows ,1985,2,327.6999999999998,-0.9166666666666666,Weak La Nina
Olallie Meadows ,1985,3,322.5,-0.9166666666666666,Weak La Nina
Olallie Meadows ,1985,4,243.79999999999973,-0.9166666666666666,Weak La Nina
Olallie Meadows ,1985,11,591.8,-0.9166666666666666,Weak La Nina
Olallie Meadows ,1985,12,528.3,-0.9166666666666666,Weak La Nina
Olallie Meadows ,1986,1,388.6,-0.35,Neutral
Olallie Meadows ,1986,2,289.5,-0.35,Neutral
Olallie Meadows ,1986,3,182.9000000000001,-0.35,Neutral
Olallie Meadows ,1986,4,114.30000000000007,-0.35,Neutral
Olallie Meadows ,1986,11,297.1,-0.35,Neutral
Olallie Meadows ,1986,12,116.90000000000003,-0.35,Neutral
Olallie Meadows ,1987,1,312.5,1.1316666666666666,Strong El Nino
Olallie Meadows ,1987,2,187.89999999999998,1.1316666666666666,Strong El Nino
Olallie Meadows ,1987,3,253.99999999999966,1.1316666666666666,Strong El Nino
Olallie Meadows ,1987,4,94,1.1316666666666666,Strong El Nino
Olallie Meadows ,1987,11,330.20000000000005,1.1316666666666666,Strong El Nino
Olallie Meadows ,1987,12,218.40000000000003,1.1316666666666666,Strong El Nino
Olallie Meadows ,1988,1,304.8,0.5900000000000001,Weak El Nino
Olallie Meadows ,1988,2,256.6,0.5900000000000001,Weak El Nino
Olallie Meadows ,1988,3,391.1,0.5900000000000001,Weak El Nino
Olallie Meadows ,1988,4,132.10000000000014,0.5900000000000001,Weak El Nino
Olallie Meadows ,1988,11,104.1,0.5900000000000001,Weak El Nino
Olallie Meadows ,1988,12,335.2,0.5900000000000001,Weak El Nino
Olallie Meadows ,1989,1,523.3,-1.4466666666666668,Strong La Nina
Olallie Meadows ,1989,2,210.80000000000007,-1.4466666666666668,Strong La Nina
Olallie Meadows ,1989,3,330.0999999999999,-1.4466666666666668,Strong La Nina
Olallie Meadows ,1989,4,129.60000000000014,-1.4466666666666668,Strong La Nina
Olallie Meadows ,1989,11,363.2,-1.4466666666666668,Strong La Nina
Olallie Meadows ,1989,12,155.00000000000006,-1.4466666666666668,Strong La Nina
Olallie Meadows ,1990,1,627.4000000000001,0.11833333333333333,Neutral
Olallie Meadows ,1990,2,553.7,0.11833333333333333,Neutral
Olallie Meadows ,1990,3,218.5,0.11833333333333333,Neutral
Olallie Meadows ,1990,4,98.99999999999977,0.11833333333333333,Neutral
Olallie Meadows ,1990,11,152.39999999999998,0.11833333333333333,Neutral
Olallie Meadows ,1990,12,48.39999999999999,0.11833333333333333,Neutral
Olallie Meadows ,1991,1,335.29999999999995,0.32666666666666666,Neutral
Olallie Meadows ,1991,2,155.0000000000001,0.32666666666666666,Neutral
Olallie Meadows ,1991,3,297.19999999999993,0.32666666666666666,Neutral
Olallie Meadows ,1991,4,223.5,0.32666666666666666,Neutral
Olallie Meadows ,1991,11,218.40000000000003,0.32666666666666666,Neutral
Olallie Meadows ,1991,12,375.9,0.32666666666666666,Neutral
Olallie Meadows ,1992,1,276.8999999999999,1.475,Strong El Nino
Olallie Meadows ,1992,2,177.80000000000007,1.475,Strong El Nino
Olallie Meadows ,1992,3,17.899999999999864,1.475,Strong El Nino
Olallie Meadows ,1992,4,63.60000000000002,1.475,Strong El Nino
Olallie Meadows ,1992,11,274.29999999999995,1.475,Strong El Nino
Olallie Meadows ,1992,12,210.79999999999998,1.475,Strong El Nino
Olallie Meadows ,1993,1,203.19999999999993,0.19166666666666668,Neutral
Olallie Meadows ,1993,2,48.40000000000009,0.19166666666666668,Neutral
Olallie Meadows ,1993,3,215.80000000000007,0.19166666666666668,Neutral
Olallie Meadows ,1993,4,86.39999999999998,0.19166666666666668,Neutral
Olallie Meadows ,1993,11,198.1,0.19166666666666668,Neutral
Olallie Meadows ,1993,12,401.29999999999995,0.19166666666666668,Neutral
Olallie Meadows ,1994,1,192.99999999999994,0.11833333333333333,Neutral
Olallie Meadows ,1994,2,348,0.11833333333333333,Neutral
Olallie Meadows ,1994,3,167.5,0.11833333333333333,Neutral
Olallie Meadows ,1994,4,109.20000000000016,0.11833333333333333,Neutral
Olallie Meadows ,1994,11,150,0.11833333333333333,Neutral
Olallie Meadows ,1994,12,266.6,0.11833333333333333,Neutral
Olallie Meadows ,1995,1,360.69999999999993,0.7683333333333333,Weak El Nino
Olallie Meadows ,1995,2,340.3000000000002,0.7683333333333333,Weak El Nino
Olallie Meadows ,1995,3,119.39999999999986,0.7683333333333333,Weak El Nino
Olallie Meadows ,1995,4,160.0999999999999,0.7683333333333333,Weak El Nino
Olallie Meadows ,1995,11,513.0999999999999,0.7683333333333333,Weak El Nino
Olallie Meadows ,1995,12,358.20000000000005,0.7683333333333333,Weak El Nino
Olallie Meadows ,1996,1,401.30000000000007,-0.7683333333333333,Weak La Nina
Olallie Meadows ,1996,2,380.9999999999999,-0.7683333333333333,Weak La Nina
Olallie Meadows ,1996,3,172.80000000000007,-0.7683333333333333,Weak La Nina
Olallie Meadows ,1996,4,218.4999999999999,-0.7683333333333333,Weak La Nina
Olallie Meadows ,1996,11,292,-0.7683333333333333,Weak La Nina
Olallie Meadows ,1996,12,363.2,-0.7683333333333333,Weak La Nina
Olallie Meadows ,1997,1,452.0999999999999,-0.27,Neutral
Olallie Meadows ,1997,2,535.9000000000003,-0.27,Neutral
Olallie Meadows ,1997,3,645.0999999999999,-0.27,Neutral
Olallie Meadows ,1997,4,213.4000000000001,-0.27,Neutral
Olallie Meadows ,1997,11,454.59999999999997,-0.27,Neutral
Olallie Meadows ,1997,12,708.6999999999999,-0.27,Neutral
Olallie Meadows ,1998,1,589.3000000000001,1.8983333333333334,Strong El Nino
Olallie Meadows ,1998,2,238.89999999999998,1.8983333333333334,Strong El Nino
Olallie Meadows ,1998,3,251.50000000000023,1.8983333333333334,Strong El Nino
Olallie Meadows ,1998,4,73.69999999999959,1.8983333333333334,Strong El Nino
Olallie Meadows ,1998,11,139.79999999999998,1.8983333333333334,Strong El Nino
Olallie Meadows ,1998,12,276.9,1.8983333333333334,Strong El Nino
Olallie Meadows ,1999,1,436.9,-1.325,Strong La Nina
Olallie Meadows ,1999,2,744.2999999999997,-1.325,Strong La Nina
Olallie Meadows ,1999,3,314.99999999999955,-1.325,Strong La Nina
Olallie Meadows ,1999,4,282,-1.325,Strong La Nina
Olallie Meadows ,1999,11,365.8,-1.325,Strong La Nina
Olallie Meadows ,1999,12,543.5999999999999,-1.325,Strong La Nina
Olallie Meadows ,2000,1,332.8,-1.3433333333333333,Strong La Nina
Olallie Meadows ,2000,2,340.29999999999995,-1.3433333333333333,Strong La Nina
Olallie Meadows ,2000,3,424.20000000000005,-1.3433333333333333,Strong La Nina
Olallie Meadows ,2000,4,358.1999999999996,-1.3433333333333333,Strong La Nina
Olallie Meadows ,2000,11,144.79999999999998,-1.3433333333333333,Strong La Nina
Olallie Meadows ,2000,12,424.19999999999993,-1.3433333333333333,Strong La Nina
Olallie Meadows ,2001,1,162.7,-0.5783333333333334,Weak La Nina
Olallie Meadows ,2001,2,182.7999999999999,-0.5783333333333334,Weak La Nina
Olallie Meadows ,2001,3,254.10000000000014,-0.5783333333333334,Weak La Nina
Olallie Meadows ,2001,4,215.79999999999984,-0.5783333333333334,Weak La Nina
Olallie Meadows ,2001,11,139.6,-0.5783333333333334,Weak La Nina
Olallie Meadows ,2001,12,210.99999999999997,-0.5783333333333334,Weak La Nina
Olallie Meadows ,2002,1,574.0000000000001,-0.08166666666666665,Neutral
Olallie Meadows ,2002,2,383.5999999999999,-0.08166666666666665,Neutral
Olallie Meadows ,2002,3,444.5,-0.08166666666666665,Neutral
Olallie Meadows ,2002,4,363.20000000000005,-0.08166666666666665,Neutral
Olallie Meadows ,2002,11,236.20000000000002,-0.08166666666666665,Neutral
Olallie Meadows ,2002,12,477.5,-0.08166666666666665,Neutral
Olallie Meadows ,2003,1,264.4,0.7233333333333334,Weak El Nino
Olallie Meadows ,2003,2,187.99999999999994,0.7233333333333334,Weak El Nino
Olallie Meadows ,2003,3,469.79999999999995,0.7233333333333334,Weak El Nino
Olallie Meadows ,2003,4,147.39999999999986,0.7233333333333334,Weak El Nino
Olallie Meadows ,2003,11,0,0.7233333333333334,Weak El Nino
Olallie Meadows ,2003,12,284.5,0.7233333333333334,Weak El Nino
Olallie Meadows ,2004,1,325.1,0.29666666666666663,Neutral
Olallie Meadows ,2004,2,152.39999999999998,0.29666666666666663,Neutral
Olallie Meadows ,2004,3,155.00000000000023,0.29666666666666663,Neutral
Olallie Meadows ,2004,4,45.899999999999864,0.29666666666666663,Neutral
Olallie Meadows ,2004,11,436.8,0.29666666666666663,Neutral
Olallie Meadows ,2004,12,332.8,0.29666666666666663,Neutral
Olallie Meadows ,2005,1,106.79999999999998,0.575,Weak El Nino
Olallie Meadows ,2005,2,86.30000000000003,0.575,Weak El Nino
Olallie Meadows ,2005,3,294.59999999999997,0.575,Weak El Nino
Olallie Meadows ,2005,4,111.80000000000001,0.575,Weak El Nino
Olallie Meadows ,2005,11,96.49999999999997,0.575,Weak El Nino
Olallie Meadows ,2005,12,195.6,0.575,Weak El Nino
Olallie Meadows ,2006,1,779.7,-0.6616666666666666,Weak La Nina
Olallie Meadows ,2006,2,312.39999999999986,-0.6616666666666666,Weak La Nina
Olallie Meadows ,2006,3,177.79999999999973,-0.6616666666666666,Weak La Nina
Olallie Meadows ,2006,4,429.4000000000001,-0.6616666666666666,Weak La Nina
Olallie Meadows ,2006,11,304.8,-0.6616666666666666,Weak La Nina
Olallie Meadows ,2006,12,251.59999999999985,-0.6616666666666666,Weak La Nina
Olallie Meadows ,2007,1,370.79999999999984,0.38666666666666666,Neutral
Olallie Meadows ,2007,2,403.79999999999995,0.38666666666666666,Neutral
Olallie Meadows ,2007,3,414.1999999999998,0.38666666666666666,Neutral
Olallie Meadows ,2007,4,129.5000000000009,0.38666666666666666,Neutral
Olallie Meadows ,2007,11,487.79999999999995,0.38666666666666666,Neutral
Olallie Meadows ,2007,12,475,0.38666666666666666,Neutral
Olallie Meadows ,2008,1,482.70000000000005,-1.4266666666666667,Strong La Nina
Olallie Meadows ,2008,2,622.3000000000002,-1.4266666666666667,Strong La Nina
Olallie Meadows ,2008,3,358.29999999999995,-1.4266666666666667,Strong La Nina
Olallie Meadows ,2008,4,368.2999999999997,-1.4266666666666667,Strong La Nina
Olallie Meadows ,2008,11,147.39999999999995,-1.4266666666666667,Strong La Nina
Olallie Meadows ,2008,12,553.8,-1.4266666666666667,Strong La Nina
Olallie Meadows ,2009,1,734.1999999999999,-0.6433333333333333,Weak La Nina
Olallie Meadows ,2009,2,190.4000000000001,-0.6433333333333333,Weak La Nina
Olallie Meadows ,2009,3,530.8999999999999,-0.6433333333333333,Weak La Nina
Olallie Meadows ,2009,4,358.10000000000014,-0.6433333333333333,Weak La Nina
Olallie Meadows ,2009,11,111.89999999999998,-0.6433333333333333,Weak La Nina
Olallie Meadows ,2009,12,380.9,-0.6433333333333333,Weak La Nina
Olallie Meadows ,2010,1,335.2,1.1383333333333334,Strong El Nino
Olallie Meadows ,2010,2,172.80000000000007,1.1383333333333334,Strong El Nino
Olallie Meadows ,2010,3,297.1999999999998,1.1383333333333334,Strong El Nino
Olallie Meadows ,2010,4,322.60000000000036,1.1383333333333334,Strong El Nino
Olallie Meadows ,2010,11,370.70000000000005,1.1383333333333334,Strong El Nino
Olallie Meadows ,2010,12,152.60000000000008,1.1383333333333334,Strong El Nino
Olallie Meadows ,2011,1,244.09999999999974,-1.25,Strong La Nina
Olallie Meadows ,2011,2,271.70000000000005,-1.25,Strong La Nina
Olallie Meadows ,2011,3,690.9999999999999,-1.25,Strong La Nina
Olallie Meadows ,2011,4,327.59999999999945,-1.25,Strong La Nina
Olallie Meadows ,2011,11,233.70000000000005,-1.25,Strong La Nina
Olallie Meadows ,2011,12,378.50000000000006,-1.25,Strong La Nina
Olallie Meadows ,2012,1,520.7,-0.795,Weak La Nina
Olallie Meadows ,2012,2,439.39999999999986,-0.795,Weak La Nina
Olallie Meadows ,2012,3,558.8,-0.795,Weak La Nina
Olallie Meadows ,2012,4,337.9000000000001,-0.795,Weak La Nina
Olallie Meadows ,2012,11,485.0999999999999,-0.795,Weak La Nina
Olallie Meadows ,2012,12,193.3,-0.795,Weak La Nina
Olallie Meadows ,2013,1,286.89999999999986,-0.27666666666666667,Neutral
Olallie Meadows ,2013,2,322.5000000000001,-0.27666666666666667,Neutral
Olallie Meadows ,2013,3,358.20000000000005,-0.27666666666666667,Neutral
Olallie Meadows ,2013,4,413.9000000000003,-0.27666666666666667,Neutral
Olallie Meadows ,2013,11,182.89999999999998,-0.27666666666666667,Neutral
Olallie Meadows ,2013,12,528.4,-0.27666666666666667,Neutral
Olallie Meadows ,2014,1,353.0999999999999,-0.25833333333333336,Neutral
Olallie Meadows ,2014,2,589.3000000000001,-0.25833333333333336,Neutral
Olallie Meadows ,2014,3,500.4000000000001,-0.25833333333333336,Neutral
Olallie Meadows ,2014,4,213.20000000000005,-0.25833333333333336,Neutral
Olallie Meadows ,2014,11,210.8,-0.25833333333333336,Neutral
Olallie Meadows ,2014,12,129.5,-0.25833333333333336,Neutral
Olallie Meadows ,2015,1,147.4,0.5916666666666667,Weak El Nino
Olallie Meadows ,2015,2,66.00000000000006,0.5916666666666667,Weak El Nino
Olallie Meadows ,2015,3,55.900000000000034,0.5916666666666667,Weak El Nino
Olallie Meadows ,2015,4,121.90000000000002,0.5916666666666667,Weak El Nino
Olallie Meadows ,2015,11,157.5,0.5916666666666667,Weak El Nino
Olallie Meadows ,2015,12,149.9,0.5916666666666667,Weak El Nino
Olallie Meadows ,2016,1,360.79999999999995,2.0583333333333336,Strong El Nino
Olallie Meadows ,2016,2,210.89999999999998,2.0583333333333336,Strong El Nino
Olallie Meadows ,2016,3,375.70000000000005,2.0583333333333336,Strong El Nino
Olallie Meadows ,2016,4,58.5,2.0583333333333336,Strong El Nino
Olallie Meadows ,2016,11,71.19999999999999,2.0583333333333336,Strong El Nino
Olallie Meadows ,2016,12,614.7,2.0583333333333336,Strong El Nino
Olallie Meadows ,2017,1,162.5,-0.24666666666666667,Neutral
Olallie Meadows ,2017,2,454.8000000000002,-0.24666666666666667,Neutral
Olallie Meadows ,2017,3,650.0999999999998,-0.24666666666666667,Neutral
Olallie Meadows ,2017,4,182.70000000000005,-0.24666666666666667,Neutral
Olallie Meadows ,2017,11,114.3,-0.24666666666666667,Neutral
Olallie Meadows ,2017,12,414,-0.24666666666666667,Neutral
Olallie Meadows ,2018,1,469.9,-0.7966666666666666,Weak La Nina
Olallie Meadows ,2018,2,350.5,-0.7966666666666666,Weak La Nina
Olallie Meadows ,2018,3,294.6999999999998,-0.7966666666666666,Weak La Nina
Olallie Meadows ,2018,4,297.0999999999999,-0.7966666666666666,Weak La Nina
Olallie Meadows ,2018,11,269.20000000000005,-0.7966666666666666,Weak La Nina
Olallie Meadows ,2018,12,241.3,-0.7966666666666666,Weak La Nina
Olallie Meadows ,2019,1,203.3999999999998,0.7583333333333333,Weak El Nino
Olallie Meadows ,2019,2,269.1,0.7583333333333333,Weak El Nino
Olallie Meadows ,2019,3,68.60000000000002,0.7583333333333333,Weak El Nino
Olallie Meadows ,2019,4,182.89999999999998,0.7583333333333333,Weak El Nino
Olallie Meadows ,2019,11,101.6,0.7583333333333333,Weak El Nino
Olallie Meadows ,2019,12,401.20000000000005,0.7583333333333333,Weak El Nino
Olallie Meadows ,2020,1,536.1000000000001,0.43833333333333335,Neutral
Olallie Meadows ,2020,2,350.4,0.43833333333333335,Neutral
Olallie Meadows ,2020,3,225.9000000000001,0.43833333333333335,Neutral
Olallie Meadows ,2020,4,109.29999999999995,0.43833333333333335,Neutral
Olallie Meadows ,2020,11,89,0.43833333333333335,Neutral
Olallie Meadows ,2020,12,180.40000000000003,0.43833333333333335,Neutral
Olallie Meadows ,2021,1,406.39999999999986,-0.99,Weak La Nina
Olallie Meadows ,2021,2,546.2,-0.99,Weak La Nina
Olallie Meadows ,2021,3,370.7000000000003,-0.99,Weak La Nina
Olallie Meadows ,2021,4,188,-0.99,Weak La Nina
Olallie Meadows ,2021,11,299.7,-0.99,Weak La Nina
Olallie Meadows ,2021,12,322.4999999999999,-0.99,Weak La Nina
Olallie Meadows ,2022,1,505.4999999999999,-0.985,Weak La Nina
Olallie Meadows ,2022,2,190.5,-0.985,Weak La Nina
Olallie Meadows ,2022,3,401.4,-0.985,Weak La Nina
Olallie Meadows ,2022,4,340.29999999999995,-0.985,Weak La Nina
Olallie Meadows ,2022,11,185.40000000000003,-0.985,Weak La Nina
Olallie Meadows ,2022,12,525.7,-0.985,Weak La Nina
Olallie Meadows ,2023,1,198.20000000000005,-0.475,Neutral
Olallie Meadows ,2023,2,368.30000000000007,-0.475,Neutral
Olallie Meadows ,2023,3,238.79999999999973,-0.475,Neutral
Olallie Meadows ,2023,4,228.49999999999977,-0.475,Neutral
Olallie Meadows ,2023,11,279.29999999999995,-0.475,Neutral
Olallie Meadows ,2023,12,403.8,-0.475,Neutral
Olallie Meadows ,2024,1,439.4000000000001,1.4966666666666666,Strong El Nino
Olallie Meadows ,2024,2,289.5,1.4966666666666666,Strong El Nino
Olallie Meadows ,2024,3,198.10000000000002,1.4966666666666666,Strong El Nino
Olallie Meadows ,2024,4,109.19999999999982,1.4966666666666666,Strong El Nino
Olallie Meadows ,2024,11,127.10000000000002,1.4966666666666666,Strong El Nino
Olallie Meadows ,2024,12,282.00000000000006,1.4966666666666666,Strong El Nino
Olallie Meadows ,2025,1,104.30000000000007,-0.3566666666666667,Neutral
Olallie Meadows ,2025,2,294.60000000000014,-0.3566666666666667,Neutral
Olallie Meadows ,2025,3,388.69999999999993,-0.3566666666666667,Neutral
Olallie Meadows ,2025,4,86.39999999999986,-0.3566666666666667,Neutral
Olallie Meadows ,2025,11,200.6,-0.3566666666666667,Neutral
Olallie Meadows ,2025,12,398.69999999999993,-0.3566666666666667,Neutral
Paradise ,1981,1,109.20000000000005,-0.25,Neutral
Paradise ,1981,2,330.30000000000007,-0.25,Neutral
Paradise ,1981,3,162.5,-0.25,Neutral
Paradise ,1981,4,259.1,-0.25,Neutral
Paradise ,1981,11,200.5,-0.25,Neutral
Paradise ,1981,12,231.2,-0.25,Neutral
Paradise ,1984,1,264.20000000000005,-0.6166666666666667,Weak La Nina
Paradise ,1984,2,55.899999999999864,-0.6166666666666667,Weak La Nina
Paradise ,1984,3,342.89999999999986,-0.6166666666666667,Weak La Nina
Paradise ,1984,4,264.3000000000002,-0.6166666666666667,Weak La Nina
Paradise ,1984,11,596.9,-0.6166666666666667,Weak La Nina
Paradise ,1984,12,355.6,-0.6166666666666667,Weak La Nina
Paradise ,1985,1,81.29999999999995,-0.9166666666666666,Weak La Nina
Paradise ,1985,2,274.39999999999986,-0.9166666666666666,Weak La Nina
Paradise ,1985,3,302.20000000000005,-0.9166666666666666,Weak La Nina
Paradise ,1985,4,231.30000000000018,-0.9166666666666666,Weak La Nina
Paradise ,1985,11,675.6,-0.9166666666666666,Weak La Nina
Paradise ,1985,12,490.20000000000005,-0.9166666666666666,Weak La Nina
Paradise ,1986,1,345.6,-0.35,Neutral
Paradise ,1986,2,307.29999999999995,-0.35,Neutral
Paradise ,1986,3,198.0999999999999,-0.35,Neutral
Paradise ,1986,4,228.5999999999999,-0.35,Neutral
Paradise ,1986,11,406.4,-0.35,Neutral
Paradise ,1986,12,175.30000000000007,-0.35,Neutral
Paradise ,1987,1,322.6,1.1316666666666666,Strong El Nino
Paradise ,1987,2,231.0999999999999,1.1316666666666666,Strong El Nino
Paradise ,1987,3,380.89999999999986,1.1316666666666666,Strong El Nino
Paradise ,1987,4,154.89999999999986,1.1316666666666666,Strong El Nino
Paradise ,1987,11,386.1,1.1316666666666666,Strong El Nino
Paradise ,1987,12,241.29999999999995,1.1316666666666666,Strong El Nino
Paradise ,1988,1,317.5,0.5900000000000001,Weak El Nino
Paradise ,1988,2,327.69999999999993,0.5900000000000001,Weak El Nino
Paradise ,1988,3,475,0.5900000000000001,Weak El Nino
Paradise ,1988,4,210.79999999999995,0.5900000000000001,Weak El Nino
Paradise ,1988,11,175.29999999999998,0.5900000000000001,Weak El Nino
Paradise ,1988,12,337.80000000000007,0.5900000000000001,Weak El Nino
Paradise ,1989,1,520.7,-1.4466666666666668,Strong La Nina
Paradise ,1989,2,236.20000000000005,-1.4466666666666668,Strong La Nina
Paradise ,1989,3,530.9000000000001,-1.4466666666666668,Strong La Nina
Paradise ,1989,4,154.89999999999986,-1.4466666666666668,Strong La Nina
Paradise ,1989,11,546.1,-1.4466666666666668,Strong La Nina
Paradise ,1989,12,256.6,-1.4466666666666668,Strong La Nina
Paradise ,1990,1,729.0000000000001,0.11833333333333333,Neutral
Paradise ,1990,2,601.8999999999999,0.11833333333333333,Neutral
Paradise ,1990,3,376,0.11833333333333333,Neutral
Paradise ,1990,4,269.10000000000014,0.11833333333333333,Neutral
Paradise ,1990,11,304.70000000000005,0.11833333333333333,Neutral
Paradise ,1990,12,88.9,0.11833333333333333,Neutral
Paradise ,1991,1,411.4000000000001,0.32666666666666666,Neutral
Paradise ,1991,2,284.5,0.32666666666666666,Neutral
Paradise ,1991,3,299.79999999999995,0.32666666666666666,Neutral
Paradise ,1991,4,383.60000000000014,0.32666666666666666,Neutral
Paradise ,1991,11,441.90000000000003,0.32666666666666666,Neutral
Paradise ,1991,12,467.4,0.32666666666666666,Neutral
Paradise ,1992,1,523.2999999999996,1.475,Strong El Nino
Paradise ,1992,2,221.00000000000023,1.475,Strong El Nino
Paradise ,1992,3,55.899999999999864,1.475,Strong El Nino
Paradise ,1992,4,109.29999999999995,1.475,Strong El Nino
Paradise ,1992,11,436.8,1.475,Strong El Nino
Paradise ,1992,12,386.1,1.475,Strong El Nino
Paradise ,1993,1,309.9,0.19166666666666668,Neutral
Paradise ,1993,2,88.89999999999986,0.19166666666666668,Neutral
Paradise ,1993,3,342.89999999999986,0.19166666666666668,Neutral
Paradise ,1993,4,327.70000000000005,0.19166666666666668,Neutral
Paradise ,1993,11,350.5,0.19166666666666668,Neutral
Paradise ,1993,12,462.20000000000005,0.19166666666666668,Neutral
Paradise ,1994,1,325.1,0.11833333333333333,Neutral
Paradise ,1994,2,464.9,0.11833333333333333,Neutral
Paradise ,1994,3,287,0.11833333333333333,Neutral
Paradise ,1994,4,165.0999999999999,0.11833333333333333,Neutral
Paradise ,1994,11,175.3,0.11833333333333333,Neutral
Paradise ,1994,12,304.79999999999995,0.11833333333333333,Neutral
Paradise ,1995,1,274.4000000000001,0.7683333333333333,Weak El Nino
Paradise ,1995,2,320.0999999999999,0.7683333333333333,Weak El Nino
Paradise ,1995,3,266.70000000000005,0.7683333333333333,Weak El Nino
Paradise ,1995,4,223.5,0.7683333333333333,Weak El Nino
Paradise ,1995,11,698.5,0.7683333333333333,Weak El Nino
Paradise ,1995,12,599.3999999999999,0.7683333333333333,Weak El Nino
Paradise ,1996,1,536,-0.7683333333333333,Weak La Nina
Paradise ,1996,2,337.79999999999984,-0.7683333333333333,Weak La Nina
Paradise ,1996,3,185.49999999999977,-0.7683333333333333,Weak La Nina
Paradise ,1996,4,297.3000000000002,-0.7683333333333333,Weak La Nina
Paradise ,1996,11,439.4,-0.7683333333333333,Weak La Nina
Paradise ,1996,12,368.3,-0.7683333333333333,Weak La Nina
Paradise ,1997,1,480.0999999999999,-0.27,Neutral
Paradise ,1997,2,408.89999999999986,-0.27,Neutral
Paradise ,1997,3,642.6999999999998,-0.27,Neutral
Paradise ,1997,4,335.2000000000007,-0.27,Neutral
Paradise ,1997,11,553.8000000000001,-0.27,Neutral
Paradise ,1997,12,840.8000000000001,-0.27,Neutral
Paradise ,1998,1,594.4,1.8983333333333334,Strong El Nino
Paradise ,1998,2,297.0999999999999,1.8983333333333334,Strong El Nino
Paradise ,1998,3,274.4000000000001,1.8983333333333334,Strong El Nino
Paradise ,1998,4,167.69999999999982,1.8983333333333334,Strong El Nino
Paradise ,1998,11,228.6,1.8983333333333334,Strong El Nino
Paradise ,1998,12,317.50000000000006,1.8983333333333334,Strong El Nino
Paradise ,1999,1,485,-1.325,Strong La Nina
Paradise ,1999,2,609.5999999999999,-1.325,Strong La Nina
Paradise ,1999,3,464.6999999999998,-1.325,Strong La Nina
Paradise ,1999,4,251.5,-1.325,Strong La Nina
Paradise ,1999,11,401.3,-1.325,Strong La Nina
Paradise ,1999,12,698.5999999999999,-1.325,Strong La Nina
Paradise ,2000,1,525.7999999999998,-1.3433333333333333,Strong La Nina
Paradise ,2000,2,353.10000000000036,-1.3433333333333333,Strong La Nina
Paradise ,2000,3,358,-1.3433333333333333,Strong La Nina
Paradise ,2000,4,188.09999999999968,-1.3433333333333333,Strong La Nina
Paradise ,2000,11,309.69999999999993,-1.3433333333333333,Strong La Nina
Paradise ,2000,12,698.5,-1.3433333333333333,Strong La Nina
Paradise ,2001,1,216.00000000000006,-0.5783333333333334,Weak La Nina
Paradise ,2001,2,205.80000000000007,-0.5783333333333334,Weak La Nina
Paradise ,2001,3,274.30000000000007,-0.5783333333333334,Weak La Nina
Paradise ,2001,4,271.8000000000002,-0.5783333333333334,Weak La Nina
Paradise ,2001,11,187.99999999999997,-0.5783333333333334,Weak La Nina
Paradise ,2001,12,264.2,-0.5783333333333334,Weak La Nina
Paradise ,2002,1,688.3999999999999,-0.08166666666666665,Neutral
Paradise ,2002,2,292.10000000000014,-0.08166666666666665,Neutral
Paradise ,2002,3,457.2000000000003,-0.08166666666666665,Neutral
Paradise ,2002,4,340.39999999999964,-0.08166666666666665,Neutral
Paradise ,2002,11,332.6,-0.08166666666666665,Neutral
Paradise ,2002,12,683.3,-0.08166666666666665,Neutral
Paradise ,2003,1,312.3999999999998,0.7233333333333334,Weak El Nino
Paradise ,2003,2,251.39999999999998,0.7233333333333334,Weak El Nino
Paradise ,2003,3,528.3000000000002,0.7233333333333334,Weak El Nino
Paradise ,2003,4,218.39999999999986,0.7233333333333334,Weak El Nino
Paradise ,2003,11,149.79999999999998,0.7233333333333334,Weak El Nino
Paradise ,2003,12,315,0.7233333333333334,Weak El Nino
Paradise ,2004,1,596.9,0.29666666666666663,Neutral
Paradise ,2004,2,299.70000000000005,0.29666666666666663,Neutral
Paradise ,2004,3,337.6999999999996,0.29666666666666663,Neutral
Paradise ,2004,4,162.60000000000014,0.29666666666666663,Neutral
Paradise ,2004,11,454.69999999999993,0.29666666666666663,Neutral
Paradise ,2004,12,370.69999999999993,0.29666666666666663,Neutral
Paradise ,2005,1,213.39999999999998,0.575,Weak El Nino
Paradise ,2005,2,114.19999999999999,0.575,Weak El Nino
Paradise ,2005,3,337.79999999999995,0.575,Weak El Nino
Paradise ,2005,4,180.4000000000001,0.575,Weak El Nino
Paradise ,2005,11,205.70000000000005,0.575,Weak El Nino
Paradise ,2005,12,226.1,0.575,Weak El Nino
Paradise ,2006,1,741.6999999999998,-0.6616666666666666,Weak La Nina
Paradise ,2006,2,309.9000000000003,-0.6616666666666666,Weak La Nina
Paradise ,2006,3,292.0999999999999,-0.6616666666666666,Weak La Nina
Paradise ,2006,4,312.29999999999995,-0.6616666666666666,Weak La Nina
Paradise ,2006,11,345.50000000000006,-0.6616666666666666,Weak La Nina
Paradise ,2006,12,388.5999999999999,-0.6616666666666666,Weak La Nina
Paradise ,2007,1,403.89999999999986,0.38666666666666666,Neutral
Paradise ,2007,2,416.6999999999998,0.38666666666666666,Neutral
Paradise ,2007,3,269.10000000000036,0.38666666666666666,Neutral
Paradise ,2007,4,157.39999999999986,0.38666666666666666,Neutral
Paradise ,2007,11,535.9,0.38666666666666666,Neutral
Paradise ,2007,12,393.7,0.38666666666666666,Neutral
Paradise ,2008,1,540.9,-1.4266666666666667,Strong La Nina
Paradise ,2008,2,553.8,-1.4266666666666667,Strong La Nina
Paradise ,2008,3,655.3,-1.4266666666666667,Strong La Nina
Paradise ,2008,4,279.2999999999997,-1.4266666666666667,Strong La Nina
Paradise ,2008,11,246.49999999999991,-1.4266666666666667,Strong La Nina
Paradise ,2008,12,729.1,-1.4266666666666667,Strong La Nina
Paradise ,2009,1,485,-0.6433333333333333,Weak La Nina
Paradise ,2009,2,210.80000000000007,-0.6433333333333333,Weak La Nina
Paradise ,2009,3,607.0999999999999,-0.6433333333333333,Weak La Nina
Paradise ,2009,4,330.0000000000002,-0.6433333333333333,Weak La Nina
Paradise ,2009,11,152.39999999999998,-0.6433333333333333,Weak La Nina
Paradise ,2009,12,596.9,-0.6433333333333333,Weak La Nina
Paradise ,2010,1,292,1.1383333333333334,Strong El Nino
Paradise ,2010,2,203.0999999999998,1.1383333333333334,Strong El Nino
Paradise ,2010,3,299.8000000000002,1.1383333333333334,Strong El Nino
Paradise ,2010,4,289.5,1.1383333333333334,Strong El Nino
Paradise ,2010,11,439.5,1.1383333333333334,Strong El Nino
Paradise ,2010,12,271.8,1.1383333333333334,Strong El Nino
Paradise ,2011,1,388.4,-1.25,Strong La Nina
Paradise ,2011,2,345.5,-1.25,Strong La Nina
Paradise ,2011,3,589.3,-1.25,Strong La Nina
Paradise ,2011,4,561.3000000000002,-1.25,Strong La Nina
Paradise ,2011,11,421.7,-1.25,Strong La Nina
Paradise ,2011,12,431.7,-1.25,Strong La Nina
Paradise ,2012,1,525.8,-0.795,Weak La Nina
Paradise ,2012,2,480.0999999999999,-0.795,Weak La Nina
Paradise ,2012,3,487.6999999999998,-0.795,Weak La Nina
Paradise ,2012,4,256.4000000000003,-0.795,Weak La Nina
Paradise ,2012,11,386.1,-0.795,Weak La Nina
Paradise ,2012,12,238.8,-0.795,Weak La Nina
Paradise ,2013,1,472.4000000000001,-0.27666666666666667,Neutral
Paradise ,2013,2,315,-0.27666666666666667,Neutral
Paradise ,2013,3,474.7999999999997,-0.27666666666666667,Neutral
Paradise ,2013,4,446.9000000000001,-0.27666666666666667,Neutral
Paradise ,2013,11,228.70000000000002,-0.27666666666666667,Neutral
Paradise ,2013,12,673.1,-0.27666666666666667,Neutral
Paradise ,2014,1,467.40000000000003,-0.25833333333333336,Neutral
Paradise ,2014,2,612.1,-0.25833333333333336,Neutral
Paradise ,2014,3,691.0000000000002,-0.25833333333333336,Neutral
Paradise ,2014,4,378.39999999999964,-0.25833333333333336,Neutral
Paradise ,2014,11,221.1,-0.25833333333333336,Neutral
Paradise ,2014,12,314.9,-0.25833333333333336,Neutral
Paradise ,2015,1,188,0.5916666666666667,Weak El Nino
Paradise ,2015,2,132.2,0.5916666666666667,Weak El Nino
Paradise ,2015,3,114.20000000000005,0.5916666666666667,Weak El Nino
Paradise ,2015,4,147.29999999999995,0.5916666666666667,Weak El Nino
Paradise ,2015,11,215.89999999999998,0.5916666666666667,Weak El Nino
Paradise ,2015,12,251.5,0.5916666666666667,Weak El Nino
Paradise ,2016,1,348.0000000000001,2.0583333333333336,Strong El Nino
Paradise ,2016,2,403.89999999999986,2.0583333333333336,Strong El Nino
Paradise ,2016,3,495.3000000000004,2.0583333333333336,Strong El Nino
Paradise ,2016,4,142.29999999999973,2.0583333333333336,Strong El Nino
Paradise ,2016,11,253.8,2.0583333333333336,Strong El Nino
Paradise ,2016,12,680.6999999999999,2.0583333333333336,Strong El Nino
Paradise ,2017,1,322.5999999999999,-0.24666666666666667,Neutral
Paradise ,2017,2,515.6,-0.24666666666666667,Neutral
Paradise ,2017,3,606.9999999999998,-0.24666666666666667,Neutral
Paradise ,2017,4,325.1000000000006,-0.24666666666666667,Neutral
Paradise ,2017,11,208.2,-0.24666666666666667,Neutral
Paradise ,2017,12,530.9000000000001,-0.24666666666666667,Neutral
Paradise ,2018,1,447.1,-0.7966666666666666,Weak La Nina
Paradise ,2018,2,383.5,-0.7966666666666666,Weak La Nina
Paradise ,2018,3,282,-0.7966666666666666,Weak La Nina
Paradise ,2018,4,350.5999999999997,-0.7966666666666666,Weak La Nina
Paradise ,2018,11,401.29999999999995,-0.7966666666666666,Weak La Nina
Paradise ,2018,12,378.5,-0.7966666666666666,Weak La Nina
Paradise ,2019,1,307.30000000000007,0.7583333333333333,Weak El Nino
Paradise ,2019,2,426.80000000000007,0.7583333333333333,Weak El Nino
Paradise ,2019,3,215.9000000000001,0.7583333333333333,Weak El Nino
Paradise ,2019,4,228.5999999999999,0.7583333333333333,Weak El Nino
Paradise ,2019,11,160,0.7583333333333333,Weak El Nino
Paradise ,2019,12,487.59999999999997,0.7583333333333333,Weak El Nino
Paradise ,2020,1,949.9999999999999,0.43833333333333335,Neutral
Paradise ,2020,2,744.3,0.43833333333333335,Neutral
Paradise ,2020,3,345.39999999999986,0.43833333333333335,Neutral
Paradise ,2020,4,55.900000000000546,0.43833333333333335,Neutral
Paradise ,2020,11,330.1,0.43833333333333335,Neutral
Paradise ,2020,12,238.79999999999998,0.43833333333333335,Neutral
Paradise ,2021,1,449.70000000000016,-0.99,Weak La Nina
Paradise ,2021,2,812.6999999999998,-0.99,Weak La Nina
Paradise ,2021,3,332.8000000000002,-0.99,Weak La Nina
Paradise ,2021,4,213.39999999999964,-0.99,Weak La Nina
Paradise ,2021,11,457.20000000000005,-0.99,Weak La Nina
Paradise ,2021,12,459.6,-0.99,Weak La Nina
Paradise ,2022,1,492.6999999999998,-0.985,Weak La Nina
Paradise ,2022,2,274.29999999999995,-0.985,Weak La Nina
Paradise ,2022,3,337.89999999999986,-0.985,Weak La Nina
Paradise ,2022,4,406.4000000000001,-0.985,Weak La Nina
Paradise ,2022,11,327.6,-0.985,Weak La Nina
Paradise ,2022,12,574,-0.985,Weak La Nina
Paradise ,2023,1,279.4000000000001,-0.475,Neutral
Paradise ,2023,2,350.4999999999999,-0.475,Neutral
Paradise ,2023,3,266.70000000000005,-0.475,Neutral
Paradise ,2023,4,393.70000000000005,-0.475,Neutral
Paradise ,2023,11,340.3,-0.475,Neutral
Paradise ,2023,12,403.7999999999999,-0.475,Neutral
Paradise ,2024,1,535.9000000000001,1.4966666666666666,Strong El Nino
Paradise ,2024,2,348.0000000000001,1.4966666666666666,Strong El Nino
Paradise ,2024,3,269.20000000000005,1.4966666666666666,Strong El Nino
Paradise ,2024,4,132.0999999999999,1.4966666666666666,Strong El Nino
Paradise ,2024,11,205.80000000000007,1.4966666666666666,Strong El Nino
Paradise ,2024,12,294.7,1.4966666666666666,Strong El Nino
Paradise ,2025,1,190.5,-0.3566666666666667,Neutral
Paradise ,2025,2,363,-0.3566666666666667,Neutral
Paradise ,2025,3,406.39999999999986,-0.3566666666666667,Neutral
Paradise ,2025,4,241.29999999999995,-0.3566666666666667,Neutral
Paradise ,2025,11,447.1,-0.3566666666666667,Neutral
Paradise ,2025,12,436.89999999999986,-0.3566666666666667,Neutral
Stevens Pass ,1981,1,38.1,-0.25,Neutral
Stevens Pass ,1981,2,114.4,-0.25,Neutral
Stevens Pass ,1981,3,45.60000000000002,-0.25,Neutral
Stevens Pass ,1981,4,66,-0.25,Neutral
Stevens Pass ,1981,11,48.2,-0.25,Neutral
Stevens Pass ,1981,12,68.6,-0.25,Neutral
Stevens Pass ,1982,1,363.2,0.07499999999999998,Neutral
Stevens Pass ,1982,2,167.70000000000005,0.07499999999999998,Neutral
Stevens Pass ,1982,3,116.89999999999986,0.07499999999999998,Neutral
Stevens Pass ,1982,4,109.10000000000014,0.07499999999999998,Neutral
Stevens Pass ,1982,11,76.2,0.07499999999999998,Neutral
Stevens Pass ,1982,12,289.49999999999994,0.07499999999999998,Neutral
Stevens Pass ,1983,1,213.3,1.8900000000000001,Strong El Nino
Stevens Pass ,1983,2,124.50000000000006,1.8900000000000001,Strong El Nino
Stevens Pass ,1983,3,78.80000000000007,1.8900000000000001,Strong El Nino
Stevens Pass ,1983,4,68.60000000000002,1.8900000000000001,Strong El Nino
Stevens Pass ,1983,11,99,1.8900000000000001,Strong El Nino
Stevens Pass ,1983,12,182.89999999999998,1.8900000000000001,Strong El Nino
Stevens Pass ,1984,1,203.19999999999993,-0.6166666666666667,Weak La Nina
Stevens Pass ,1984,2,147.29999999999995,-0.6166666666666667,Weak La Nina
Stevens Pass ,1984,3,182.89999999999998,-0.6166666666666667,Weak La Nina
Stevens Pass ,1984,4,114.29999999999995,-0.6166666666666667,Weak La Nina
Stevens Pass ,1984,11,284.5,-0.6166666666666667,Weak La Nina
Stevens Pass ,1984,12,271.70000000000005,-0.6166666666666667,Weak La Nina
Stevens Pass ,1985,1,78.69999999999993,-0.9166666666666666,Weak La Nina
Stevens Pass ,1985,2,228.60000000000002,-0.9166666666666666,Weak La Nina
Stevens Pass ,1985,3,152.39999999999986,-0.9166666666666666,Weak La Nina
Stevens Pass ,1985,4,142.29999999999995,-0.9166666666666666,Weak La Nina
Stevens Pass ,1985,11,464.8,-0.9166666666666666,Weak La Nina
Stevens Pass ,1985,12,403.90000000000003,-0.9166666666666666,Weak La Nina
Stevens Pass ,1986,1,294.6,-0.35,Neutral
Stevens Pass ,1986,2,246.39999999999998,-0.35,Neutral
Stevens Pass ,1986,3,76.19999999999993,-0.35,Neutral
Stevens Pass ,1986,4,65.99999999999989,-0.35,Neutral
Stevens Pass ,1986,11,332.70000000000005,-0.35,Neutral
Stevens Pass ,1986,12,55.900000000000034,-0.35,Neutral
Stevens Pass ,1987,1,281.99999999999994,1.1316666666666666,Strong El Nino
Stevens Pass ,1987,2,221,1.1316666666666666,Strong El Nino
Stevens Pass ,1987,3,162.49999999999977,1.1316666666666666,Strong El Nino
Stevens Pass ,1987,4,25.5,1.1316666666666666,Strong El Nino
Stevens Pass ,1987,11,287.09999999999997,1.1316666666666666,Strong El Nino
Stevens Pass ,1987,12,233.60000000000002,1.1316666666666666,Strong El Nino
Stevens Pass ,1988,1,327.8,0.5900000000000001,Weak El Nino
Stevens Pass ,1988,2,200.60000000000002,0.5900000000000001,Weak El Nino
Stevens Pass ,1988,3,337.70000000000005,0.5900000000000001,Weak El Nino
Stevens Pass ,1988,4,48.299999999999955,0.5900000000000001,Weak El Nino
Stevens Pass ,1988,11,50.9,0.5900000000000001,Weak El Nino
Stevens Pass ,1988,12,388.5,0.5900000000000001,Weak El Nino
Stevens Pass ,1989,1,457.20000000000005,-1.4466666666666668,Strong La Nina
Stevens Pass ,1989,2,137.20000000000005,-1.4466666666666668,Strong La Nina
Stevens Pass ,1989,3,271.69999999999993,-1.4466666666666668,Strong La Nina
Stevens Pass ,1989,4,226,-1.4466666666666668,Strong La Nina
Stevens Pass ,1989,11,292.1,-1.4466666666666668,Strong La Nina
Stevens Pass ,1989,12,157.49999999999994,-1.4466666666666668,Strong La Nina
Stevens Pass ,1990,1,711.2,0.11833333333333333,Neutral
Stevens Pass ,1990,2,480,0.11833333333333333,Neutral
Stevens Pass ,1990,3,127,0.11833333333333333,Neutral
Stevens Pass ,1990,4,86.39999999999998,0.11833333333333333,Neutral
Stevens Pass ,1990,11,157.59999999999997,0.11833333333333333,Neutral
Stevens Pass ,1990,12,101.6,0.11833333333333333,Neutral
Stevens Pass ,1991,1,320.0000000000001,0.32666666666666666,Neutral
Stevens Pass ,1991,2,213.4000000000002,0.32666666666666666,Neutral
Stevens Pass ,1991,3,198.19999999999993,0.32666666666666666,Neutral
Stevens Pass ,1991,4,144.89999999999986,0.32666666666666666,Neutral
Stevens Pass ,1991,11,246.39999999999995,0.32666666666666666,Neutral
Stevens Pass ,1991,12,335.29999999999995,0.32666666666666666,Neutral
Stevens Pass ,1992,1,340.5,1.475,Strong El Nino
Stevens Pass ,1992,2,132.19999999999993,1.475,Strong El Nino
Stevens Pass ,1992,3,10.200000000000045,1.475,Strong El Nino
Stevens Pass ,1992,4,10.199999999999932,1.475,Strong El Nino
Stevens Pass ,1992,11,320.0000000000001,1.475,Strong El Nino
Stevens Pass ,1992,12,304.7000000000001,1.475,Strong El Nino
Stevens Pass ,1993,1,195.5,0.19166666666666668,Neutral
Stevens Pass ,1993,2,10.199999999999932,0.19166666666666668,Neutral
Stevens Pass ,1993,3,200.5999999999999,0.19166666666666668,Neutral
Stevens Pass ,1993,4,2.6000000000000227,0.19166666666666668,Neutral
Stevens Pass ,1993,11,160.10000000000002,0.19166666666666668,Neutral
Stevens Pass ,1993,12,370.90000000000003,0.19166666666666668,Neutral
Stevens Pass ,1994,1,198.10000000000002,0.11833333333333333,Neutral
Stevens Pass ,1994,2,274.29999999999995,0.11833333333333333,Neutral
Stevens Pass ,1994,3,218.39999999999998,0.11833333333333333,Neutral
Stevens Pass ,1994,4,48.200000000000045,0.11833333333333333,Neutral
Stevens Pass ,1994,11,101.69999999999999,0.11833333333333333,Neutral
Stevens Pass ,1994,12,226,0.11833333333333333,Neutral
Stevens Pass ,1995,1,114.29999999999995,0.7683333333333333,Weak El Nino
Stevens Pass ,1995,2,292,0.7683333333333333,Weak El Nino
Stevens Pass ,1995,3,162.5999999999999,0.7683333333333333,Weak El Nino
Stevens Pass ,1995,4,71.10000000000002,0.7683333333333333,Weak El Nino
Stevens Pass ,1995,11,424.20000000000005,0.7683333333333333,Weak El Nino
Stevens Pass ,1995,12,429.29999999999995,0.7683333333333333,Weak El Nino
Stevens Pass ,1996,1,269.1000000000001,-0.7683333333333333,Weak La Nina
Stevens Pass ,1996,2,228.70000000000005,-0.7683333333333333,Weak La Nina
Stevens Pass ,1996,3,124.50000000000011,-0.7683333333333333,Weak La Nina
Stevens Pass ,1996,4,89,-0.7683333333333333,Weak La Nina
Stevens Pass ,1996,11,241.29999999999998,-0.7683333333333333,Weak La Nina
Stevens Pass ,1996,12,241.29999999999998,-0.7683333333333333,Weak La Nina
Stevens Pass ,1997,1,444.5,-0.27,Neutral
Stevens Pass ,1997,2,215.90000000000032,-0.27,Neutral
Stevens Pass ,1997,3,490.2999999999997,-0.27,Neutral
Stevens Pass ,1997,4,147.20000000000005,-0.27,Neutral
Stevens Pass ,1997,11,317.3,-0.27,Neutral
Stevens Pass ,1997,12,551.2,-0.27,Neutral
Stevens Pass ,1998,1,398.70000000000005,1.8983333333333334,Strong El Nino
Stevens Pass ,1998,2,152.5,1.8983333333333334,Strong El Nino
Stevens Pass ,1998,3,121.89999999999998,1.8983333333333334,Strong El Nino
Stevens Pass ,1998,4,7.5,1.8983333333333334,Strong El Nino
Stevens Pass ,1998,11,124.5,1.8983333333333334,Strong El Nino
Stevens Pass ,1998,12,208.3,1.8983333333333334,Strong El Nino
Stevens Pass ,1999,1,340.4000000000002,-1.325,Strong La Nina
Stevens Pass ,1999,2,454.6999999999998,-1.325,Strong La Nina
Stevens Pass ,1999,3,238.89999999999986,-1.325,Strong La Nina
Stevens Pass ,1999,4,132.1999999999996,-1.325,Strong La Nina
Stevens Pass ,1999,11,266.70000000000005,-1.325,Strong La Nina
Stevens Pass ,1999,12,393.79999999999995,-1.325,Strong La Nina
Stevens Pass ,2000,1,307.4,-1.3433333333333333,Strong La Nina
Stevens Pass ,2000,2,210.9000000000001,-1.3433333333333333,Strong La Nina
Stevens Pass ,2000,3,192.9000000000001,-1.3433333333333333,Strong La Nina
Stevens Pass ,2000,4,63.50000000000023,-1.3433333333333333,Strong La Nina
Stevens Pass ,2000,11,154.9,-1.3433333333333333,Strong La Nina
Stevens Pass ,2000,12,330.20000000000005,-1.3433333333333333,Strong La Nina
Stevens Pass ,2001,1,99.00000000000006,-0.5783333333333334,Weak La Nina
Stevens Pass ,2001,2,144.8,-0.5783333333333334,Weak La Nina
Stevens Pass ,2001,3,139.60000000000002,-0.5783333333333334,Weak La Nina
Stevens Pass ,2001,4,81.19999999999987,-0.5783333333333334,Weak La Nina
Stevens Pass ,2001,11,114.3,-0.5783333333333334,Weak La Nina
Stevens Pass ,2001,12,185.4,-0.5783333333333334,Weak La Nina
Stevens Pass ,2002,1,347.9999999999998,-0.08166666666666665,Neutral
Stevens Pass ,2002,2,287.0999999999999,-0.08166666666666665,Neutral
Stevens Pass ,2002,3,304.9999999999999,-0.08166666666666665,Neutral
Stevens Pass ,2002,4,192.80000000000018,-0.08166666666666665,Neutral
Stevens Pass ,2002,11,157.5,-0.08166666666666665,Neutral
Stevens Pass ,2002,12,353.09999999999997,-0.08166666666666665,Neutral
Stevens Pass ,2003,1,238.79999999999998,0.7233333333333334,Weak El Nino
Stevens Pass ,2003,2,111.70000000000005,0.7233333333333334,Weak El Nino
Stevens Pass ,2003,3,284.6,0.7233333333333334,Weak El Nino
Stevens Pass ,2003,4,38.100000000000136,0.7233333333333334,Weak El Nino
Stevens Pass ,2003,11,33.1,0.7233333333333334,Weak El Nino
Stevens Pass ,2003,12,228.6,0.7233333333333334,Weak El Nino
Stevens Pass ,2004,1,256.5,0.29666666666666663,Neutral
Stevens Pass ,2004,2,101.60000000000002,0.29666666666666663,Neutral
Stevens Pass ,2004,3,116.90000000000009,0.29666666666666663,Neutral
Stevens Pass ,2004,4,0,0.29666666666666663,Neutral
Stevens Pass ,2004,11,261.70000000000005,0.29666666666666663,Neutral
Stevens Pass ,2004,12,208.29999999999995,0.29666666666666663,Neutral
Stevens Pass ,2005,1,116.9,0.575,Weak El Nino
Stevens Pass ,2005,2,106.79999999999998,0.575,Weak El Nino
Stevens Pass ,2005,3,144.7,0.575,Weak El Nino
Stevens Pass ,2005,4,58.599999999999966,0.575,Weak El Nino
Stevens Pass ,2005,11,106.79999999999998,0.575,Weak El Nino
Stevens Pass ,2005,12,142.3,0.575,Weak El Nino
Stevens Pass ,2006,1,477.6,-0.6616666666666666,Weak La Nina
Stevens Pass ,2006,2,276.9999999999998,-0.6616666666666666,Weak La Nina
Stevens Pass ,2006,3,159.89999999999986,-0.6616666666666666,Weak La Nina
Stevens Pass ,2006,4,40.70000000000027,-0.6616666666666666,Weak La Nina
Stevens Pass ,2006,11,228.60000000000002,-0.6616666666666666,Weak La Nina
Stevens Pass ,2006,12,154.9,-0.6616666666666666,Weak La Nina
Stevens Pass ,2007,1,284.60000000000014,0.38666666666666666,Neutral
Stevens Pass ,2007,2,195.5999999999999,0.38666666666666666,Neutral
Stevens Pass ,2007,3,154.9000000000001,0.38666666666666666,Neutral
Stevens Pass ,2007,4,15.200000000000045,0.38666666666666666,Neutral
Stevens Pass ,2007,11,282.1,0.38666666666666666,Neutral
Stevens Pass ,2007,12,312.3,0.38666666666666666,Neutral
Stevens Pass ,2008,1,299.80000000000007,-1.4266666666666667,Strong La Nina
Stevens Pass ,2008,2,279.4999999999999,-1.4266666666666667,Strong La Nina
Stevens Pass ,2008,3,152.39999999999986,-1.4266666666666667,Strong La Nina
Stevens Pass ,2008,4,76.09999999999991,-1.4266666666666667,Strong La Nina
Stevens Pass ,2008,11,101.6,-1.4266666666666667,Strong La Nina
Stevens Pass ,2008,12,403.8,-1.4266666666666667,Strong La Nina
Stevens Pass ,2009,1,269.20000000000005,-0.6433333333333333,Weak La Nina
Stevens Pass ,2009,2,60.89999999999998,-0.6433333333333333,Weak La Nina
Stevens Pass ,2009,3,292.1,-0.6433333333333333,Weak La Nina
Stevens Pass ,2009,4,114.29999999999995,-0.6433333333333333,Weak La Nina
Stevens Pass ,2009,11,96.49999999999997,-0.6433333333333333,Weak La Nina
Stevens Pass ,2009,12,271.79999999999995,-0.6433333333333333,Weak La Nina
Stevens Pass ,2010,1,200.60000000000002,1.1383333333333334,Strong El Nino
Stevens Pass ,2010,2,78.70000000000005,1.1383333333333334,Strong El Nino
Stevens Pass ,2010,3,101.59999999999991,1.1383333333333334,Strong El Nino
Stevens Pass ,2010,4,109.19999999999993,1.1383333333333334,Strong El Nino
Stevens Pass ,2010,11,276.90000000000003,1.1383333333333334,Strong El Nino
Stevens Pass ,2010,12,109.39999999999998,1.1383333333333334,Strong El Nino
Stevens Pass ,2011,1,167.69999999999993,-1.25,Strong La Nina
Stevens Pass ,2011,2,165.10000000000002,-1.25,Strong La Nina
Stevens Pass ,2011,3,317.4999999999999,-1.25,Strong La Nina
Stevens Pass ,2011,4,198.1999999999997,-1.25,Strong La Nina
Stevens Pass ,2011,11,126.99999999999997,-1.25,Strong La Nina
Stevens Pass ,2011,12,236.4,-1.25,Strong La Nina
Stevens Pass ,2012,1,337.79999999999995,-0.795,Weak La Nina
Stevens Pass ,2012,2,261.5999999999999,-0.795,Weak La Nina
Stevens Pass ,2012,3,271.6999999999997,-0.795,Weak La Nina
Stevens Pass ,2012,4,40.600000000000136,-0.795,Weak La Nina
Stevens Pass ,2012,11,266.70000000000005,-0.795,Weak La Nina
Stevens Pass ,2012,12,139.8,-0.795,Weak La Nina
Stevens Pass ,2013,1,185.39999999999986,-0.27666666666666667,Neutral
Stevens Pass ,2013,2,134.60000000000002,-0.27666666666666667,Neutral
Stevens Pass ,2013,3,154.89999999999998,-0.27666666666666667,Neutral
Stevens Pass ,2013,4,84,-0.27666666666666667,Neutral
Stevens Pass ,2013,11,160.10000000000002,-0.27666666666666667,Neutral
Stevens Pass ,2013,12,373.40000000000003,-0.27666666666666667,Neutral
Stevens Pass ,2014,1,208.2,-0.25833333333333336,Neutral
Stevens Pass ,2014,2,401.3999999999999,-0.25833333333333336,Neutral
Stevens Pass ,2014,3,210.89999999999986,-0.25833333333333336,Neutral
Stevens Pass ,2014,4,58.29999999999984,-0.25833333333333336,Neutral
Stevens Pass ,2014,11,188.1,-0.25833333333333336,Neutral
Stevens Pass ,2014,12,127.1,-0.25833333333333336,Neutral
Stevens Pass ,2015,1,144.79999999999995,0.5916666666666667,Weak El Nino
Stevens Pass ,2015,2,53.400000000000034,0.5916666666666667,Weak El Nino
Stevens Pass ,2015,3,30.50000000000003,0.5916666666666667,Weak El Nino
Stevens Pass ,2015,4,66.10000000000001,0.5916666666666667,Weak El Nino
Stevens Pass ,2015,11,137.1,0.5916666666666667,Weak El Nino
Stevens Pass ,2015,12,114.4,0.5916666666666667,Weak El Nino
Stevens Pass ,2016,1,210.7,2.0583333333333336,Strong El Nino
Stevens Pass ,2016,2,139.79999999999984,2.0583333333333336,Strong El Nino
Stevens Pass ,2016,3,182.80000000000007,2.0583333333333336,Strong El Nino
Stevens Pass ,2016,4,38.19999999999993,2.0583333333333336,Strong El Nino
Stevens Pass ,2016,11,83.79999999999998,2.0583333333333336,Strong El Nino
Stevens Pass ,2016,12,337.79999999999995,2.0583333333333336,Strong El Nino
Stevens Pass ,2017,1,104.19999999999999,-0.24666666666666667,Neutral
Stevens Pass ,2017,2,261.70000000000005,-0.24666666666666667,Neutral
Stevens Pass ,2017,3,401.4,-0.24666666666666667,Neutral
Stevens Pass ,2017,4,86.1999999999997,-0.24666666666666667,Neutral
Stevens Pass ,2017,11,73.6,-0.24666666666666667,Neutral
Stevens Pass ,2017,12,337.90000000000003,-0.24666666666666667,Neutral
Stevens Pass ,2018,1,401.29999999999995,-0.7966666666666666,Weak La Nina
Stevens Pass ,2018,2,259.1,-0.7966666666666666,Weak La Nina
Stevens Pass ,2018,3,172.80000000000007,-0.7966666666666666,Weak La Nina
Stevens Pass ,2018,4,147.39999999999964,-0.7966666666666666,Weak La Nina
Stevens Pass ,2018,11,182.9,-0.7966666666666666,Weak La Nina
Stevens Pass ,2018,12,304.9,-0.7966666666666666,Weak La Nina
Stevens Pass ,2019,1,152.40000000000003,0.7583333333333333,Weak El Nino
Stevens Pass ,2019,2,200.69999999999982,0.7583333333333333,Weak El Nino
Stevens Pass ,2019,3,68.5,0.7583333333333333,Weak El Nino
Stevens Pass ,2019,4,55.899999999999864,0.7583333333333333,Weak El Nino
Stevens Pass ,2019,11,111.9,0.7583333333333333,Weak El Nino
Stevens Pass ,2019,12,348.09999999999997,0.7583333333333333,Weak El Nino
Stevens Pass ,2020,1,619.8000000000001,0.43833333333333335,Neutral
Stevens Pass ,2020,2,386.1,0.43833333333333335,Neutral
Stevens Pass ,2020,3,159.89999999999986,0.43833333333333335,Neutral
Stevens Pass ,2020,4,68.50000000000023,0.43833333333333335,Neutral
Stevens Pass ,2020,11,35.599999999999994,0.43833333333333335,Neutral
Stevens Pass ,2020,12,185.39999999999998,0.43833333333333335,Neutral
Stevens Pass ,2021,1,309.90000000000015,-0.99,Weak La Nina
Stevens Pass ,2021,2,558.8,-0.99,Weak La Nina
Stevens Pass ,2021,3,152.29999999999995,-0.99,Weak La Nina
Stevens Pass ,2021,4,78.79999999999973,-0.99,Weak La Nina
Stevens Pass ,2021,11,223.60000000000002,-0.99,Weak La Nina
Stevens Pass ,2021,12,251.40000000000003,-0.99,Weak La Nina
Stevens Pass ,2022,1,406.4,-0.985,Weak La Nina
Stevens Pass ,2022,2,162.60000000000014,-0.985,Weak La Nina
Stevens Pass ,2022,3,508.1,-0.985,Weak La Nina
Stevens Pass ,2022,4,213.4000000000002,-0.985,Weak La Nina
Stevens Pass ,2022,11,137.1,-0.985,Weak La Nina
Stevens Pass ,2022,12,386.1,-0.985,Weak La Nina
Stevens Pass ,2023,1,99.10000000000008,-0.475,Neutral
Stevens Pass ,2023,2,246.29999999999984,-0.475,Neutral
Stevens Pass ,2023,3,149.9000000000001,-0.475,Neutral
Stevens Pass ,2023,4,132,-0.475,Neutral
Stevens Pass ,2023,11,180.29999999999998,-0.475,Neutral
Stevens Pass ,2023,12,302.2,-0.475,Neutral
Stevens Pass ,2024,1,337.90000000000003,1.4966666666666666,Strong El Nino
Stevens Pass ,2024,2,190.5,1.4966666666666666,Strong El Nino
Stevens Pass ,2024,3,114.40000000000009,1.4966666666666666,Strong El Nino
Stevens Pass ,2024,4,38.19999999999993,1.4966666666666666,Strong El Nino
Stevens Pass ,2024,11,73.69999999999999,1.4966666666666666,Strong El Nino
Stevens Pass ,2024,12,251.4,1.4966666666666666,Strong El Nino
Stevens Pass ,2025,1,99,-0.3566666666666667,Neutral
Stevens Pass ,2025,2,203.2,-0.3566666666666667,Neutral
Stevens Pass ,2025,3,287.1,-0.3566666666666667,Neutral
Stevens Pass ,2025,4,48.299999999999955,-0.3566666666666667,Neutral
Stevens Pass ,2025,11,154.99999999999997,-0.3566666666666667,Neutral
Stevens Pass ,2025,12,322.5,-0.3566666666666667,Neutral
Wells Creek ,1996,1,142.20000000000002,-0.7683333333333333,Weak La Nina
Wells Creek ,1996,2,83.69999999999999,-0.7683333333333333,Weak La Nina
Wells Creek ,1996,3,99.09999999999997,-0.7683333333333333,Weak La Nina
Wells Creek ,1996,4,50.900000000000034,-0.7683333333333333,Weak La Nina
Wells Creek ,1996,11,121.80000000000001,-0.7683333333333333,Weak La Nina
Wells Creek ,1996,12,155,-0.7683333333333333,Weak La Nina
Wells Creek ,1997,1,264.10000000000014,-0.27,Neutral
Wells Creek ,1997,2,137.19999999999993,-0.27,Neutral
Wells Creek ,1997,3,223.5000000000001,-0.27,Neutral
Wells Creek ,1997,4,101.8000000000003,-0.27,Neutral
Wells Creek ,1997,11,243.79999999999998,-0.27,Neutral
Wells Creek ,1997,12,431.8,-0.27,Neutral
Wells Creek ,1998,1,281.9999999999999,1.8983333333333334,Strong El Nino
Wells Creek ,1998,2,165.10000000000008,1.8983333333333334,Strong El Nino
Wells Creek ,1998,3,111.70000000000016,1.8983333333333334,Strong El Nino
Wells Creek ,1998,4,55.90000000000009,1.8983333333333334,Strong El Nino
Wells Creek ,1998,11,89,1.8983333333333334,Strong El Nino
Wells Creek ,1998,12,155.1,1.8983333333333334,Strong El Nino
Wells Creek ,1999,1,251.60000000000008,-1.325,Strong La Nina
Wells Creek ,1999,2,401.29999999999995,-1.325,Strong La Nina
Wells Creek ,1999,3,370.7999999999997,-1.325,Strong La Nina
Wells Creek ,1999,4,99.00000000000023,-1.325,Strong La Nina
Wells Creek ,1999,11,208.3,-1.325,Strong La Nina
Wells Creek ,1999,12,299.7,-1.325,Strong La Nina
Wells Creek ,2000,1,279.40000000000003,-1.3433333333333333,Strong La Nina
Wells Creek ,2000,2,152.29999999999995,-1.3433333333333333,Strong La Nina
Wells Creek ,2000,3,218.39999999999998,-1.3433333333333333,Strong La Nina
Wells Creek ,2000,4,60.80000000000007,-1.3433333333333333,Strong La Nina
Wells Creek ,2000,11,104.1,-1.3433333333333333,Strong La Nina
Wells Creek ,2000,12,241.39999999999995,-1.3433333333333333,Strong La Nina
Wells Creek ,2001,1,124.50000000000003,-0.5783333333333334,Weak La Nina
Wells Creek ,2001,2,124.50000000000006,-0.5783333333333334,Weak La Nina
Wells Creek ,2001,3,109.29999999999995,-0.5783333333333334,Weak La Nina
Wells Creek ,2001,4,81.30000000000007,-0.5783333333333334,Weak La Nina
Wells Creek ,2001,11,73.69999999999999,-0.5783333333333334,Weak La Nina
Wells Creek ,2001,12,114.19999999999999,-0.5783333333333334,Weak La Nina
Wells Creek ,2002,1,248.90000000000003,-0.08166666666666665,Neutral
Wells Creek ,2002,2,218.5,-0.08166666666666665,Neutral
Wells Creek ,2002,3,223.5999999999998,-0.08166666666666665,Neutral
Wells Creek ,2002,4,121.9000000000002,-0.08166666666666665,Neutral
Wells Creek ,2002,11,195.39999999999998,-0.08166666666666665,Neutral
Wells Creek ,2002,12,307.40000000000003,-0.08166666666666665,Neutral
Wells Creek ,2003,1,121.80000000000001,0.7233333333333334,Weak El Nino
Wells Creek ,2003,2,106.89999999999986,0.7233333333333334,Weak El Nino
Wells Creek ,2003,3,243.8,0.7233333333333334,Weak El Nino
Wells Creek ,2003,4,73.5999999999998,0.7233333333333334,Weak El Nino
Wells Creek ,2003,11,0,0.7233333333333334,Weak El Nino
Wells Creek ,2003,12,228.6,0.7233333333333334,Weak El Nino
Wells Creek ,2004,1,165.00000000000006,0.29666666666666663,Neutral
Wells Creek ,2004,2,134.60000000000002,0.29666666666666663,Neutral
Wells Creek ,2004,3,243.89999999999998,0.29666666666666663,Neutral
Wells Creek ,2004,4,12.700000000000045,0.29666666666666663,Neutral
Wells Creek ,2004,11,282.00000000000006,0.29666666666666663,Neutral
Wells Creek ,2004,12,238.69999999999993,0.29666666666666663,Neutral
Wells Creek ,2005,1,96.60000000000002,0.575,Weak El Nino
Wells Creek ,2005,2,78.69999999999999,0.575,Weak El Nino
Wells Creek ,2005,3,142.3,0.575,Weak El Nino
Wells Creek ,2005,4,124.39999999999998,0.575,Weak El Nino
Wells Creek ,2005,11,127.09999999999997,0.575,Weak El Nino
Wells Creek ,2005,12,162.60000000000002,0.575,Weak El Nino
Wells Creek ,2006,1,375.9,-0.6616666666666666,Weak La Nina
Wells Creek ,2006,2,223.5,-0.6616666666666666,Weak La Nina
Wells Creek ,2006,3,116.79999999999995,-0.6616666666666666,Weak La Nina
Wells Creek ,2006,4,294.69999999999993,-0.6616666666666666,Weak La Nina
Wells Creek ,2006,11,167.5,-0.6616666666666666,Weak La Nina
Wells Creek ,2006,12,137.2,-0.6616666666666666,Weak La Nina
Wells Creek ,2007,1,213.29999999999995,0.38666666666666666,Neutral
Wells Creek ,2007,2,193.10000000000014,0.38666666666666666,Neutral
Wells Creek ,2007,3,216.00000000000023,0.38666666666666666,Neutral
Wells Creek ,2007,4,101.5999999999998,0.38666666666666666,Neutral
Wells Creek ,2007,11,353,0.38666666666666666,Neutral
Wells Creek ,2007,12,299.6999999999999,0.38666666666666666,Neutral
Wells Creek ,2008,1,289.5,-1.4266666666666667,Strong La Nina
Wells Creek ,2008,2,274.29999999999995,-1.4266666666666667,Strong La Nina
Wells Creek ,2008,3,276.9,-1.4266666666666667,Strong La Nina
Wells Creek ,2008,4,139.49999999999977,-1.4266666666666667,Strong La Nina
Wells Creek ,2008,11,119.3,-1.4266666666666667,Strong La Nina
Wells Creek ,2008,12,307.40000000000003,-1.4266666666666667,Strong La Nina
Wells Creek ,2009,1,175.20000000000007,-0.6433333333333333,Weak La Nina
Wells Creek ,2009,2,96.5,-0.6433333333333333,Weak La Nina
Wells Creek ,2009,3,254.09999999999997,-0.6433333333333333,Weak La Nina
Wells Creek ,2009,4,86.19999999999993,-0.6433333333333333,Weak La Nina
Wells Creek ,2009,11,55.9,-0.6433333333333333,Weak La Nina
Wells Creek ,2009,12,198.2,-0.6433333333333333,Weak La Nina
Wells Creek ,2010,1,200.60000000000002,1.1383333333333334,Strong El Nino
Wells Creek ,2010,2,116.89999999999998,1.1383333333333334,Strong El Nino
Wells Creek ,2010,3,238.80000000000007,1.1383333333333334,Strong El Nino
Wells Creek ,2010,4,185.4000000000001,1.1383333333333334,Strong El Nino
Wells Creek ,2010,11,314.99999999999994,1.1383333333333334,Strong El Nino
Wells Creek ,2010,12,124.5,1.1383333333333334,Strong El Nino
Wells Creek ,2011,1,203.19999999999993,-1.25,Strong La Nina
Wells Creek ,2011,2,218.4000000000001,-1.25,Strong La Nina
Wells Creek ,2011,3,396.10000000000014,-1.25,Strong La Nina
Wells Creek ,2011,4,231.0999999999999,-1.25,Strong La Nina
Wells Creek ,2011,11,127,-1.25,Strong La Nina
Wells Creek ,2011,12,251.50000000000003,-1.25,Strong La Nina
Wells Creek ,2012,1,264.2,-0.795,Weak La Nina
Wells Creek ,2012,2,132.10000000000002,-0.795,Weak La Nina
Wells Creek ,2012,3,520.7,-0.795,Weak La Nina
Wells Creek ,2012,4,83.80000000000018,-0.795,Weak La Nina
Wells Creek ,2012,11,279.50000000000006,-0.795,Weak La Nina
Wells Creek ,2012,12,68.69999999999999,-0.795,Weak La Nina
Wells Creek ,2013,1,88.79999999999995,-0.27666666666666667,Neutral
Wells Creek ,2013,2,223.5,-0.27666666666666667,Neutral
Wells Creek ,2013,3,228.70000000000016,-0.27666666666666667,Neutral
Wells Creek ,2013,4,63.5,-0.27666666666666667,Neutral
Wells Creek ,2013,11,152.4,-0.27666666666666667,Neutral
Wells Creek ,2013,12,388.6,-0.27666666666666667,Neutral
Wells Creek ,2014,1,223.5,-0.25833333333333336,Neutral
Wells Creek ,2014,2,292.09999999999997,-0.25833333333333336,Neutral
Wells Creek ,2014,3,325.1,-0.25833333333333336,Neutral
Wells Creek ,2014,4,111.70000000000005,-0.25833333333333336,Neutral
Wells Creek ,2014,11,81.39999999999998,-0.25833333333333336,Neutral
Wells Creek ,2014,12,142.20000000000002,-0.25833333333333336,Neutral
Wells Creek ,2015,1,71.10000000000002,0.5916666666666667,Weak El Nino
Wells Creek ,2015,2,25.40000000000002,0.5916666666666667,Weak El Nino
Wells Creek ,2015,3,73.7,0.5916666666666667,Weak El Nino
Wells Creek ,2015,4,96.70000000000002,0.5916666666666667,Weak El Nino
Wells Creek ,2015,11,68.6,0.5916666666666667,Weak El Nino
Wells Creek ,2015,12,134.6,0.5916666666666667,Weak El Nino
Wells Creek ,2016,1,152.39999999999992,2.0583333333333336,Strong El Nino
Wells Creek ,2016,2,185.3,2.0583333333333336,Strong El Nino
Wells Creek ,2016,3,276.5999999999999,2.0583333333333336,Strong El Nino
Wells Creek ,2016,4,22.79999999999984,2.0583333333333336,Strong El Nino
Wells Creek ,2016,11,132.20000000000005,2.0583333333333336,Strong El Nino
Wells Creek ,2016,12,266.7,2.0583333333333336,Strong El Nino
Wells Creek ,2017,1,101.70000000000005,-0.24666666666666667,Neutral
Wells Creek ,2017,2,241.4000000000002,-0.24666666666666667,Neutral
Wells Creek ,2017,3,309.79999999999995,-0.24666666666666667,Neutral
Wells Creek ,2017,4,139.70000000000005,-0.24666666666666667,Neutral
Wells Creek ,2017,11,160,-0.24666666666666667,Neutral
Wells Creek ,2017,12,213.20000000000002,-0.24666666666666667,Neutral
Wells Creek ,2018,1,289.5999999999999,-0.7966666666666666,Weak La Nina
Wells Creek ,2018,2,241.30000000000018,-0.7966666666666666,Weak La Nina
Wells Creek ,2018,3,251.39999999999986,-0.7966666666666666,Weak La Nina
Wells Creek ,2018,4,198.20000000000005,-0.7966666666666666,Weak La Nina
Wells Creek ,2018,11,226,-0.7966666666666666,Weak La Nina
Wells Creek ,2018,12,233.70000000000002,-0.7966666666666666,Weak La Nina
Wells Creek ,2019,1,114.40000000000003,0.7583333333333333,Weak El Nino
Wells Creek ,2019,2,139.8,0.7583333333333333,Weak El Nino
Wells Creek ,2019,3,73.70000000000005,0.7583333333333333,Weak El Nino
Wells Creek ,2019,4,71.09999999999997,0.7583333333333333,Weak El Nino
Wells Creek ,2019,11,48.099999999999994,0.7583333333333333,Weak El Nino
Wells Creek ,2019,12,261.70000000000005,0.7583333333333333,Weak El Nino
Wells Creek ,2020,1,353.1,0.43833333333333335,Neutral
Wells Creek ,2020,2,218.5,0.43833333333333335,Neutral
Wells Creek ,2020,3,221.0000000000001,0.43833333333333335,Neutral
Wells Creek ,2020,4,58.40000000000009,0.43833333333333335,Neutral
Wells Creek ,2020,11,12.7,0.43833333333333335,Neutral
Wells Creek ,2020,12,167.6,0.43833333333333335,Neutral
Wells Creek ,2021,1,238.69999999999993,-0.99,Weak La Nina
Wells Creek ,2021,2,312.39999999999986,-0.99,Weak La Nina
Wells Creek ,2021,3,193.10000000000002,-0.99,Weak La Nina
Wells Creek ,2021,4,78.70000000000005,-0.99,Weak La Nina
Wells Creek ,2021,11,180.4,-0.99,Weak La Nina
Wells Creek ,2021,12,190.4,-0.99,Weak La Nina
Wells Creek ,2022,1,172.60000000000008,-0.985,Weak La Nina
Wells Creek ,2022,2,160.0999999999999,-0.985,Weak La Nina
Wells Creek ,2022,3,192.89999999999998,-0.985,Weak La Nina
Wells Creek ,2022,4,281.80000000000007,-0.985,Weak La Nina
Wells Creek ,2022,11,139.60000000000002,-0.985,Weak La Nina
Wells Creek ,2022,12,279.40000000000003,-0.985,Weak La Nina
Wells Creek ,2023,1,147.40000000000003,-0.475,Neutral
Wells Creek ,2023,2,231.09999999999997,-0.475,Neutral
Wells Creek ,2023,3,157.60000000000002,-0.475,Neutral
Wells Creek ,2023,4,157.60000000000002,-0.475,Neutral
Wells Creek ,2023,11,182.89999999999995,-0.475,Neutral
Wells Creek ,2023,12,200.70000000000002,-0.475,Neutral
Wells Creek ,2024,1,165.20000000000005,1.4966666666666666,Strong El Nino
Wells Creek ,2024,2,205.8,1.4966666666666666,Strong El Nino
Wells Creek ,2024,3,220.80000000000007,1.4966666666666666,Strong El Nino
Wells Creek ,2024,4,76.20000000000005,1.4966666666666666,Strong El Nino
Wells Creek ,2024,11,88.9,1.4966666666666666,Strong El Nino
Wells Creek ,2024,12,132.19999999999996,1.4966666666666666,Strong El Nino
Wells Creek ,2025,1,116.90000000000003,-0.3566666666666667,Neutral
Wells Creek ,2025,2,198.10000000000002,-0.3566666666666667,Neutral
Wells Creek ,2025,3,236.20000000000005,-0.3566666666666667,Neutral
Wells Creek ,2025,4,48.299999999999955,-0.3566666666666667,Neutral
Wells Creek ,2025,11,243.9,-0.3566666666666667,Neutral
Wells Creek ,2025,12,190.6,-0.3566666666666667,Neutral
